{
  "version": 1,
  "author": "SALMA SALSABILA",
  "editor": "wokwi",
  "parts": [
    { "type": "board-esp32-devkit-c-v4", "id": "esp", "top": 0, "left": 0, "attrs": {} },
    {
      "type": "board-ssd1306",
      "id": "oled1",
      "top": 99.14,
      "left": 173.03,
      "attrs": { "i2cAddress": "0x3c" }
    },
    { "type": "wokwi-dht22", "id": "dht1", "top": -153.3, "left": -111, "attrs": {} },
    {
      "type": "wokwi-photoresistor-sensor",
      "id": "ldr1",
      "top": 195.2,
      "left": -306.4,
      "attrs": {}
    }
  ],
  "connections": [
    [ "esp:TX", "$serialMonitor:RX", "", [] ],
    [ "esp:RX", "$serialMonitor:TX", "", [] ],
    [ "oled1:SDA", "esp:21", "green", [ "v0" ] ],
    [ "oled1:SCL", "esp:22", "green", [ "v0" ] ],
    [ "oled1:GND", "esp:GND.2", "black", [ "v0" ] ],
    [ "oled1:VCC", "esp:3V3", "red", [ "v0" ] ],
    [ "dht1:GND", "esp:GND.1", "black", [ "v0" ] ],
    [ "dht1:SDA", "esp:27", "green", [ "v0" ] ],
    [ "dht1:VCC", "esp:3V3", "red", [ "v0" ] ],
    [ "ldr1:VCC", "esp:3V3", "red", [ "v0" ] ],
    [ "ldr1:GND", "esp:GND.3", "black", [ "v0" ] ],
    [ "ldr1:SIG", "esp:34", "yellow", [ "v0" ] ],
    [ "ldr1:AO", "esp:34", "green", [ "h0" ] ]
  ],
  "dependencies": {}
}